<?xml version="1.0" encoding="utf-8"?><feed xmlns="http://www.w3.org/2005/Atom" xml:lang="ko"><generator uri="https://jekyllrb.com/" version="4.3.4">Jekyll</generator><link href="/feed.xml" rel="self" type="application/atom+xml" /><link href="/" rel="alternate" type="text/html" hreflang="ko" /><updated>2025-05-21T14:56:23+09:00</updated><id>/feed.xml</id><title type="html">콘테나</title><subtitle>창작품이 차곡차곡 담깁니다.</subtitle><author><name>해라</name></author><entry><title type="html">contena vol.0</title><link href="/01" rel="alternate" type="text/html" title="contena vol.0" /><published>2025-05-21T00:00:00+09:00</published><updated>2025-05-21T00:00:00+09:00</updated><id>/01</id><content type="html" xml:base="/01"><![CDATA[<h1 id="contena-0521"><b>CONTENA 0521</b>.</h1>

<p>정식 발행이라고 하기엔 허전하고, 마음으로 약속한 날은 되어서 조금 성급히 파일럿 호를 냅니다.<br />
1호가 아니라 0호가 되겠네요.<br />
잘 부탁드립니다.</p>

<hr />

<h2 id="vol-0">Vol. 0</h2>

<h3 id="시">시</h3>
<div style="display: flex; justify-content: flex-start; gap: 0.5em;">  
  <img src="/images/happychoice.png" alt="시와 이미지" style="height: 200px; object-fit: cover;" />
</div>

<hr />

<h3 id="에세이">에세이</h3>

<h4 id="이길래-질래">이길래, 질래?</h4>

<blockquote>
  <p>그래도 나는 선택을 할 수 있다.<br />
자랑스러운 승리보다, 굴욕적으로 보이는 패배를.<br />
그건 굴욕이 아니다.<br />
그건 선이다.</p>
</blockquote>

<p><a href="/essay/winlose">전문 읽기</a></p>

<hr />

<h3 id="서평">서평</h3>

<p>&lt;시학 읽기: 아리스토텔레스, 철학자라면서요?&gt;</p>

<blockquote>
  <p>철학자의 언어는 쉬워야 한다.<br />
진리는, 모두에게 주어져야 하니까.<br />
아리스토텔레스 선생님은,<br />
철학자라면서요?</p>
</blockquote>

<p><a href="/review/poetics">전문 읽기</a></p>

<hr />

<h3 id="made-by-may-21">Made by may 21</h3>

<blockquote>
  <p>this is a book.<br />
look thru images and video.</p>
</blockquote>

<p><a href="/scrapbook">이미지와 영상 보기</a></p>

<hr />

<p><b>Editor</b></p>

<p>글.사진.그림.영상,  may 21<br />
감사합니다.</p>]]></content><author><name>해라</name></author><summary type="html"><![CDATA[CONTENA 0521. 정식 발행이라고 하기엔 허전하고, 마음으로 약속한 날은 되어서 조금 성급히 파일럿 호를 냅니다. 1호가 아니라 0호가 되겠네요. 잘 부탁드립니다. Vol. 0 시 에세이 이길래, 질래?]]></summary></entry><entry><title type="html">스크랩북</title><link href="/scrapbook" rel="alternate" type="text/html" title="스크랩북" /><published>2025-05-19T00:00:00+09:00</published><updated>2025-05-19T00:00:00+09:00</updated><id>/scrapbook</id><content type="html" xml:base="/scrapbook"><![CDATA[<h2 id="스크랩북">스크랩북<br /></h2>

<blockquote>
  <p>this is a book.<br />
look thru image and video.</p>
</blockquote>

<p><img src="/images/scrapbook1.jpeg" alt="스크랩 이미지1" /><br />
<img src="/images/scrapbook2.jpeg" alt="스크랩 이미지2" /><br />
<img src="/images/scrapbook3.jpeg" alt="스크랩 이미지3" /><br />
<img src="/images/scrapbook4.jpeg" alt="스크랩 이미지4" /><br />
<img src="/images/scrapbook5.jpeg" alt="스크랩 이미지5" /><br />
<img src="/images/scrapbook6.jpeg" alt="스크랩 이미지6" /><br />
<br /></p>
<iframe width="315" height="560" src="https://www.youtube.com/embed/Y21dHqGbULY" frameborder="0" allowfullscreen=""></iframe>
<p><br />
<br />
—<br />
<br />
책철을 샀는데, 산 김에 펀치도 사고, 투명 여권 커버도 샀고, 집에 쌓여있는 스크랩을 포함한 문구들로 만들어보았다.<br />
<br /></p>]]></content><author><name>해라</name></author><summary type="html"><![CDATA[스크랩북]]></summary></entry><entry><title type="html">이길래, 질래?</title><link href="/essay/winlose" rel="alternate" type="text/html" title="이길래, 질래?" /><published>2025-05-17T00:00:00+09:00</published><updated>2025-05-17T00:00:00+09:00</updated><id>/essay/winlose</id><content type="html" xml:base="/essay/winlose"><![CDATA[<h2 id="이길래-질래">이길래, 질래?<br /></h2>
<p><br />
승패에 연연하고 목숨 거는 사회다.<br />
모든 것이 승부가 된다.<br />
스포츠, 게임, 경연처럼 승자와 패자가 분명히 결정되는 시스템이 모든 분야에서 흔하고, 그 바깥에서도 버릇처럼 등수를 매기고 승패를 나눈다.<br />
이겼어, 혹은 졌어, 말하면서 스스로를 몰아세워 스트레스를 굳이 만들기까지 한다.<br />
나는 묻고 싶다.<br />
패배가 나쁜가?<br />
패배가 틀렸나?<br />
이겨서 좋을 건 뭘까?<br />
<br />
—<br />
<br />
왜 남 위에 올라서고 싶어하는지 모르겠다.<br />
서열짓는 것만큼 인간같지 않은 것도 없다.<br />
그런데 그걸 남성이 동물적으로 가진 ‘수컷’ 본능이라고, 자연스러운 일이라고 말하는 경우가 많다.<br />
서열화가 동물적이라는 거, 칭찬으로 생각한다면 곤란하다.<br />
서열이고 승패고 의미없다.<br />
다같이 잘 살아가는 게 왜 이렇게까지 힘든 일인지.<br />
<br />
누군가보다 더 잘하고 싶고 더 잘나보이고 싶어하는 욕망, 상대적 우위를 점하고 싶은 욕망은 본인들이 생각하는 것보다도 좀 더 옹졸하다.<br />
혼자 잘 하면 될 것을, 남 위에 서야만 자기 자아 실현이 된다고 생각하는 이유를 잘 모르겠다.<br />
남보다 잘나고 싶은 옹졸한 욕망은 남의 이마를 기꺼이 밟게 만든다.<br />
제 이마에 구둣발 자국이 진한 것은 모르고.<br />
<br />
이 발자국이 굴욕적이라고들 말할 것이다.<br />
그렇다면 이마 위 자신의 발은 자랑스러운 것일까.<br />
왜 그럴까?<br />
왜 승리는 자랑스럽고, 패배는 굴욕적이라고 인식될까?<br />
<br />
—<br />
<br />
종교나 철학에서 말하는 선은 보편적인 승리로 표현되지 않는다.<br />
선의 승리는 언제나 패배에 가깝게 보인다.<br />
내어주고, 낮아지고, 빈손이 되고, 또 희생하는 방식의 승리이기 때문이다.<br />
기도했더니 잘됐다는 기복의 원리는 내가 말하는 선과는 다른 영역이니까 논외로 하자.<br />
예수를 예로 들어보겠다.<br />
그는 헌금하고, 오래 기도하고, 교회에서 열심히 한다고 복을 주고 승리를 주겠다고 하지 않았다.<br />
오히려 그의 논리는 입고 있는 옷을 모두 벗어서 가난한 자에게 주라는 쪽에 가깝다.<br />
그리고 세금이나 잘 내라고 했다.<br />
나를 해치는 사람을 원망하지 말고 더 해치게 놔둘 정도로 사랑하라고 했으며, 소외된 자들과 함께 있으라고 했다.<br />
그의 논리는 승리에서도 기복에서도 멀다.<br />
<br />
예수처럼 살자는 건 아니다.<br />
불가능한 소리니까.<br />
<br />
그래도 나는 선택을 할 수 있다.<br />
자랑스러운 승리보다, 굴욕적으로 보이는 패배를.<br />
그건 굴욕이 아니다.<br />
그건 선이다.<br />
<br />
—<br />
<br />
나는 지고 살련다.<br />
지고도 잘 살고 있다.<br />
<br />
<em>essay, may 21</em><br />
<br /></p>]]></content><author><name>해라</name></author><summary type="html"><![CDATA[이길래, 질래? 승패에 연연하고 목숨 거는 사회다. 모든 것이 승부가 된다. 스포츠, 게임, 경연처럼 승자와 패자가 분명히 결정되는 시스템이 모든 분야에서 흔하고, 그 바깥에서도 버릇처럼 등수를 매기고 승패를 나눈다. 이겼어, 혹은 졌어, 말하면서 스스로를 몰아세워 스트레스를 굳이 만들기까지 한다. 나는 묻고 싶다. 패배가 나쁜가? 패배가 틀렸나? 이겨서 좋을 건 뭘까? — 왜 남 위에 올라서고 싶어하는지 모르겠다. 서열짓는 것만큼 인간같지 않은 것도 없다. 그런데 그걸 남성이 동물적으로 가진 ‘수컷’ 본능이라고, 자연스러운 일이라고 말하는 경우가 많다. 서열화가 동물적이라는 거, 칭찬으로 생각한다면 곤란하다. 서열이고 승패고 의미없다. 다같이 잘 살아가는 게 왜 이렇게까지 힘든 일인지. 누군가보다 더 잘하고 싶고 더 잘나보이고 싶어하는 욕망, 상대적 우위를 점하고 싶은 욕망은 본인들이 생각하는 것보다도 좀 더 옹졸하다. 혼자 잘 하면 될 것을, 남 위에 서야만 자기 자아 실현이 된다고 생각하는 이유를 잘 모르겠다. 남보다 잘나고 싶은 옹졸한 욕망은 남의 이마를 기꺼이 밟게 만든다. 제 이마에 구둣발 자국이 진한 것은 모르고. 이 발자국이 굴욕적이라고들 말할 것이다. 그렇다면 이마 위 자신의 발은 자랑스러운 것일까. 왜 그럴까? 왜 승리는 자랑스럽고, 패배는 굴욕적이라고 인식될까? — 종교나 철학에서 말하는 선은 보편적인 승리로 표현되지 않는다. 선의 승리는 언제나 패배에 가깝게 보인다. 내어주고, 낮아지고, 빈손이 되고, 또 희생하는 방식의 승리이기 때문이다. 기도했더니 잘됐다는 기복의 원리는 내가 말하는 선과는 다른 영역이니까 논외로 하자. 예수를 예로 들어보겠다. 그는 헌금하고, 오래 기도하고, 교회에서 열심히 한다고 복을 주고 승리를 주겠다고 하지 않았다. 오히려 그의 논리는 입고 있는 옷을 모두 벗어서 가난한 자에게 주라는 쪽에 가깝다. 그리고 세금이나 잘 내라고 했다. 나를 해치는 사람을 원망하지 말고 더 해치게 놔둘 정도로 사랑하라고 했으며, 소외된 자들과 함께 있으라고 했다. 그의 논리는 승리에서도 기복에서도 멀다. 예수처럼 살자는 건 아니다. 불가능한 소리니까. 그래도 나는 선택을 할 수 있다. 자랑스러운 승리보다, 굴욕적으로 보이는 패배를. 그건 굴욕이 아니다. 그건 선이다. — 나는 지고 살련다. 지고도 잘 살고 있다. essay, may 21]]></summary></entry><entry><title type="html">시학 읽기</title><link href="/review/poetics" rel="alternate" type="text/html" title="시학 읽기" /><published>2025-05-09T00:00:00+09:00</published><updated>2025-05-09T00:00:00+09:00</updated><id>/review/poetics</id><content type="html" xml:base="/review/poetics"><![CDATA[<h2 id="시학-읽기-아리스토텔레스-철학자라면서요">시학 읽기: 아리스토텔레스, 철학자라면서요?<br /></h2>
<p><br />
그 시절에 나는 연극에 돌아 있었다.<br />
일주일에 두 번씩 공연을 봤고, 연극 연출가가 되고 싶었고, 희곡도 쓰고 싶었다.<br />
그때 문지 스펙트럼에서 나온 아리스토텔레스의 <시학>을 샀다.<br />
<br />
분명 읽긴 읽었는데, 무슨 말을 하는 건지 도통 모르겠더라.<br />
내가 어리기도 했고 공부가 짧기도 했다.<br />
<br />
올해 초봄, <시학>을 다시 집어들면서 비극을 정복하겠다고 마음먹었다.<br />
나는 자타공인 알아주는 비극 덕후다.<br />
아리스토텔레스, 그리고 그리스 고전의 글쓰기에 대한 책이라니, 아무래도 제법 기대를 했던 모양이다.<br />
<br />
<img src="/images/poetics.jpeg" alt="시학 책 표지" style="max-width: 100%; margin: 2em 0;" /><br />
<br />
실망이 컸다.<br />
<br />
---<br />
<br />
그 유명한 카타르시스에 대해서 먼저 짚고 넘어가본다.<br />
카타르시스가 무엇인가.<br />
솔직히 나는 모르겠다.<br />
카타르시스에 대해서 따로 크게 궁금해한 적이 없었고, 아리스토텔레스가 언급했던 말이라고 알아서 설명을 좀 해주겠거니 생각했는데, 내용에 카타르시스에 대한 설명이 없었다.<br />
제6장에 한 번 언급되기만 했다.<br />
끝까지 읽고 나서 카타르시스는 아리스토텔레스(저자라고 칭하겠다. 여덟글자 너무 길다.)가 딱히 강조하고 싶은 개념이 아니라는 생각이 들었다.<br />
그래서 나도. 깊이 생각하지 않기로 했다.<br />
중요하게 언급되지 않는다는 점만 다시 한 번 강조해둔다.<br />
<br />
---<br />
<br />
카타르시스 말을 해서 말인데, 저자는 꽤 많은 부분을 자세히 언급하거나 설명하지 않는다.<br />
어디어디에서 다루었으니 생략한다, 라거나 별로 설명 안 한 것 같은데 이상으로 충분히 설명하였다, 라거나.<br />
모든 부분이 그런 건 아니다.<br />
저자 자신이 중요하다고 여기는 부분은 설명한다.<br />
아주 자주.<br />
수도 없이.<br />
반복한다.<br />
<br /></시학></시학></p>
<시학>의 결론을 내리자면 이렇다.<br />
비극은 희극보다 낫고, 서사시보다 나으며, 그 이유는 비극이 개연성과 필연성, 일관성에 의해 만들어지기 때문이다.<br />
그렇지 않으면 수준낮다고까지 한다.<br />
그리고 비극의 인물, 플롯, 서사 모든 것에서 개연성, 필연성, 일관성이 중요하다고 말하는데 책 내내 하는 얘기가 그것이 전부다.<br />
개연성.<br />
필연성.<br />
일관성.<br />
내가 저자처럼 굴자면, “자세한 내용은 <시학>에 설명되어 있으니 생략한다.”고 하겠지만 나는 그래도 조금 설명해보도록 하겠다.<br />
<br />
이해한 바로는 이렇다.<br />
모든 서사와 플롯(서사와 플롯의 차이까지는 설명할 필요 없겠지?), 인물은 하나의 일관된 모습으로, 받아들여질 만하게, 이해할 만하게 나타나야 하며, 필연적인 관계 속에서 이루어져야 한다.<br />
예를 들어, 현실성 없는 사건이지만 일어날 법한 것과 현실성 있는 사건이지만 일어날 법하지 않은 것이 있다면 작가는 전자를 선택해야 한다.<br />
<br />
---<br />
<br />
저자가 희극과 비극에 대해 설명한 내용이 이렇다.<br />
희극은 사람들을 보통보다 못나게, 비극은 더 잘나게 나타낸다.<br />
이유는 이렇다.<br />
당시 희극은 평균보다 못난 사람들의 결점을 과장하여 우스꽝스러움을 유도했고, 비극은 뛰어난 자의 인간적인 추락이나 몰락을 통해 비극적 감정을 만들었다.<br />
이것이 미메시스에 대한 장이었다.<br />
<br />
여기서 희극에 대해서 조금 언급하고 싶다.<br />
요즘도 어떤 희극인들은 이런 태도를 유지하던데, 상당히 비판할 지점이다.<br />
희극 속에서 보통 사람보다 못난 우스꽝스러운 인물을 우습게만 소모한다는 건 도구적인 사용이고, 관객의 우월감을 자극하는 상황에 지나지 않는다.<br />
이건 인간 존엄성이라는 것을 잃은 상태다.<br />
<br />
유명한 예능 프로그램들에서 이런 류의 희극성을 많이 사용한다.<br />
사람 하나 몰아가서 바보 만들고 주변에서 깔깔거리고 낄낄거리고 손가락질하고, 그 사람은 민망하고 창피해서 숨거나, 화내거나, 도망가는 상황.<br />
다들 익숙하지 않나?<br />
나는 그걸 보고 웃기만 할 수 없었다.<br />
미안했고, 같이 창피했다.<br />
<br />
까놓고 말하자.<br />
평균보다 못난 사람이라는 게 어디 있는지, 있으면 나한테 데려와라.<br />
여기서 진짜 데려오겠다고 나서려는 사람은 당신의 인간성을 좀 의심하기 바란다.<br />
<br />
세상에 못난 사람도 잘난 사람도 없다.<br />
사회적 강자와 약자가 있을 뿐이다.<br />
이것으로 사람을 급나누기하고 희극이니 비극이니 나눈다는 건, 아까도 언급한 존엄성에 대한 문제가 야기되는 거다.<br />
<br />
---<br />
<br />
희극과 관련하여, 저자의 문장 중에 이런 것이 있다.<br />
희극에서는 내용상 (…생략…) 철천지원수 사이일지라도 종말에 가서는 서로 친구가 되어 퇴장하고 아무도 죽지 않는다.<br />
<br />
비극은 고통을 마주하는 서사다.<br />
희극은 상처를 남기지 않는 서사다.<br />
아무도 죽지 않는다는 말은, 실제 육신, 마음, 영혼의 죽음이 없다는 말로, 곧 남겨진 파편이 없다는 말이다.<br />
반대로 비극은 죽고 망가지고 잃고 또 남겨진다.<br />
<br />
비극을 사랑하는 이유도, 희극이 사랑스러운 이유도 이것이다.<br />
<br />
---<br />
<br />
내 제목으로 돌아가본다.<br />
철학자라면서요?<br />
<br />
아리스토텔레스는, 중요하니까 이름으로 한번 더 언급한다.<br />
아리스토텔레스는 태도가 틀려먹었다.<br />
당시 그리스 철학의 태도가 ‘진리는 자격이 있는 자에게 주어진다’ 같은 거였나?<br />
설명은 짧고, 생략은 많고.<br />
배우지 않은 사람이라면 이해할 수 없는 언어를 사용한다.<br />
<br />
진리는 모두에게 주어져야 한다.<br />
진리를 바라는 모두에게, 차별 없이 주어져야 한다.<br />
그래서 철학자의 언어는 쉬워야 하고, 철학자의 태도는 낮아야 한다.<br />
<br />
그리고 나도 안다.<br />
현대 철학도 엘리트주의에서 자유롭지 않다는 거.<br />
<br />
난 어느 쪽도 편들 생각이 없다.<br />
<br />
그래서, 아리스토텔레스 선생님.<br />
철학자라면서요?<br />
당신의 철학은 누굴 위한 것인가요?<br />
<br />
*review, may 21*<br />
<br />
<br />
</시학></시학>]]></content><author><name>해라</name></author><summary type="html"><![CDATA[시학 읽기: 아리스토텔레스, 철학자라면서요? 그 시절에 나는 연극에 돌아 있었다. 일주일에 두 번씩 공연을 봤고, 연극 연출가가 되고 싶었고, 희곡도 쓰고 싶었다. 그때 문지 스펙트럼에서 나온 아리스토텔레스의 을 샀다. 분명 읽긴 읽었는데, 무슨 말을 하는 건지 도통 모르겠더라. 내가 어리기도 했고 공부가 짧기도 했다. 올해 초봄, 을 다시 집어들면서 비극을 정복하겠다고 마음먹었다. 나는 자타공인 알아주는 비극 덕후다. 아리스토텔레스, 그리고 그리스 고전의 글쓰기에 대한 책이라니, 아무래도 제법 기대를 했던 모양이다. 실망이 컸다. --- 그 유명한 카타르시스에 대해서 먼저 짚고 넘어가본다. 카타르시스가 무엇인가. 솔직히 나는 모르겠다. 카타르시스에 대해서 따로 크게 궁금해한 적이 없었고, 아리스토텔레스가 언급했던 말이라고 알아서 설명을 좀 해주겠거니 생각했는데, 내용에 카타르시스에 대한 설명이 없었다. 제6장에 한 번 언급되기만 했다. 끝까지 읽고 나서 카타르시스는 아리스토텔레스(저자라고 칭하겠다. 여덟글자 너무 길다.)가 딱히 강조하고 싶은 개념이 아니라는 생각이 들었다. 그래서 나도. 깊이 생각하지 않기로 했다. 중요하게 언급되지 않는다는 점만 다시 한 번 강조해둔다. --- 카타르시스 말을 해서 말인데, 저자는 꽤 많은 부분을 자세히 언급하거나 설명하지 않는다. 어디어디에서 다루었으니 생략한다, 라거나 별로 설명 안 한 것 같은데 이상으로 충분히 설명하였다, 라거나. 모든 부분이 그런 건 아니다. 저자 자신이 중요하다고 여기는 부분은 설명한다. 아주 자주. 수도 없이. 반복한다. 의 결론을 내리자면 이렇다. 비극은 희극보다 낫고, 서사시보다 나으며, 그 이유는 비극이 개연성과 필연성, 일관성에 의해 만들어지기 때문이다. 그렇지 않으면 수준낮다고까지 한다. 그리고 비극의 인물, 플롯, 서사 모든 것에서 개연성, 필연성, 일관성이 중요하다고 말하는데 책 내내 하는 얘기가 그것이 전부다. 개연성. 필연성. 일관성. 내가 저자처럼 굴자면, “자세한 내용은 에 설명되어 있으니 생략한다.”고 하겠지만 나는 그래도 조금 설명해보도록 하겠다. 이해한 바로는 이렇다. 모든 서사와 플롯(서사와 플롯의 차이까지는 설명할 필요 없겠지?), 인물은 하나의 일관된 모습으로, 받아들여질 만하게, 이해할 만하게 나타나야 하며, 필연적인 관계 속에서 이루어져야 한다. 예를 들어, 현실성 없는 사건이지만 일어날 법한 것과 현실성 있는 사건이지만 일어날 법하지 않은 것이 있다면 작가는 전자를 선택해야 한다. --- 저자가 희극과 비극에 대해 설명한 내용이 이렇다. 희극은 사람들을 보통보다 못나게, 비극은 더 잘나게 나타낸다. 이유는 이렇다. 당시 희극은 평균보다 못난 사람들의 결점을 과장하여 우스꽝스러움을 유도했고, 비극은 뛰어난 자의 인간적인 추락이나 몰락을 통해 비극적 감정을 만들었다. 이것이 미메시스에 대한 장이었다. 여기서 희극에 대해서 조금 언급하고 싶다. 요즘도 어떤 희극인들은 이런 태도를 유지하던데, 상당히 비판할 지점이다. 희극 속에서 보통 사람보다 못난 우스꽝스러운 인물을 우습게만 소모한다는 건 도구적인 사용이고, 관객의 우월감을 자극하는 상황에 지나지 않는다. 이건 인간 존엄성이라는 것을 잃은 상태다. 유명한 예능 프로그램들에서 이런 류의 희극성을 많이 사용한다. 사람 하나 몰아가서 바보 만들고 주변에서 깔깔거리고 낄낄거리고 손가락질하고, 그 사람은 민망하고 창피해서 숨거나, 화내거나, 도망가는 상황. 다들 익숙하지 않나? 나는 그걸 보고 웃기만 할 수 없었다. 미안했고, 같이 창피했다. 까놓고 말하자. 평균보다 못난 사람이라는 게 어디 있는지, 있으면 나한테 데려와라. 여기서 진짜 데려오겠다고 나서려는 사람은 당신의 인간성을 좀 의심하기 바란다. 세상에 못난 사람도 잘난 사람도 없다. 사회적 강자와 약자가 있을 뿐이다. 이것으로 사람을 급나누기하고 희극이니 비극이니 나눈다는 건, 아까도 언급한 존엄성에 대한 문제가 야기되는 거다. --- 희극과 관련하여, 저자의 문장 중에 이런 것이 있다. 희극에서는 내용상 (…생략…) 철천지원수 사이일지라도 종말에 가서는 서로 친구가 되어 퇴장하고 아무도 죽지 않는다. 비극은 고통을 마주하는 서사다. 희극은 상처를 남기지 않는 서사다. 아무도 죽지 않는다는 말은, 실제 육신, 마음, 영혼의 죽음이 없다는 말로, 곧 남겨진 파편이 없다는 말이다. 반대로 비극은 죽고 망가지고 잃고 또 남겨진다. 비극을 사랑하는 이유도, 희극이 사랑스러운 이유도 이것이다. --- 내 제목으로 돌아가본다. 철학자라면서요? 아리스토텔레스는, 중요하니까 이름으로 한번 더 언급한다. 아리스토텔레스는 태도가 틀려먹었다. 당시 그리스 철학의 태도가 ‘진리는 자격이 있는 자에게 주어진다’ 같은 거였나? 설명은 짧고, 생략은 많고. 배우지 않은 사람이라면 이해할 수 없는 언어를 사용한다. 진리는 모두에게 주어져야 한다. 진리를 바라는 모두에게, 차별 없이 주어져야 한다. 그래서 철학자의 언어는 쉬워야 하고, 철학자의 태도는 낮아야 한다. 그리고 나도 안다. 현대 철학도 엘리트주의에서 자유롭지 않다는 거. 난 어느 쪽도 편들 생각이 없다. 그래서, 아리스토텔레스 선생님. 철학자라면서요? 당신의 철학은 누굴 위한 것인가요? *review, may 21*]]></summary></entry></feed>